Galaxy,T,Q,N,chi2_ESD_fix,chi2_MOND_fix,delta_fix,rchi2_ESD_fix,rchi2_MOND_fix,Ud_ESD,Ub_ESD,chi2_ESD_grid,Ud_MOND,Ub_MOND,chi2_MOND_grid,delta_grid,rchi2_ESD_grid,rchi2_MOND_grid,WTL
CamB,10,2,9,966.16,973.74,-7.58,107.351,108.193,0.2,0.2,586.64,0.2,0.2,596.39,-9.74,73.331,74.548,W
D512-2,10,2,4,10.20,10.66,-0.45,2.551,2.664,0.2,0.2,0.81,0.2,0.2,0.71,0.10,0.268,0.236,T
D564-8,10,2,6,100.94,109.79,-8.86,16.823,18.299,0.2,0.2,45.27,0.2,0.2,53.66,-8.39,9.054,10.732,W
D631-7,10,1,16,475.55,480.81,-5.26,29.722,30.051,0.2,0.2,313.03,0.2,0.2,316.19,-3.16,20.868,21.079,W
DDO064,10,1,14,5.56,5.58,-0.03,0.397,0.399,0.4,0.2,4.39,0.4,0.2,4.24,0.15,0.337,0.326,T
DDO154,10,2,12,953.95,1069.09,-115.14,79.496,89.091,0.2,0.2,410.67,0.2,0.2,499.21,-88.54,37.334,45.383,W
DDO161,10,1,31,4504.05,4637.53,-133.48,145.292,149.598,0.2,0.2,3579.47,0.2,0.2,3710.53,-131.06,119.316,123.684,W
DDO168,10,2,10,296.43,300.59,-4.15,29.643,30.059,0.2,0.2,207.61,0.2,0.2,210.41,-2.80,23.068,23.379,W
DDO170,10,2,8,1169.49,1219.38,-49.89,146.186,152.423,0.2,0.2,815.97,0.2,0.2,864.33,-48.36,116.567,123.475,W
ESO079-G014,4,1,15,124.09,119.88,4.20,8.272,7.992,0.6,0.2,45.44,0.6,0.2,45.23,0.21,3.245,3.230,T
ESO116-G012,7,1,15,197.96,193.27,4.69,13.197,12.884,0.8,0.2,67.26,0.8,0.2,66.92,0.34,4.804,4.780,T
ESO444-G084,10,2,7,198.45,194.51,3.94,28.350,27.787,1.5,0.2,99.18,1.5,0.2,97.02,2.15,16.529,16.170,L
ESO563-G021,4,1,30,1615.56,1606.16,9.40,53.852,53.539,0.8,0.2,497.57,0.8,0.2,496.01,1.56,17.158,17.104,L
F561-1,9,3,6,239.40,241.18,-1.79,39.899,40.197,0.2,0.2,116.22,0.2,0.2,117.77,-1.55,23.244,23.554,W
F563-1,9,1,17,48.17,47.22,0.95,2.834,2.778,1.5,0.2,16.63,1.5,0.2,16.59,0.04,1.039,1.037,T
F563-V1,10,3,6,203.27,206.21,-2.93,33.879,34.368,0.2,0.2,140.31,0.2,0.2,144.11,-3.80,28.063,28.822,W
F563-V2,10,1,10,43.59,43.28,0.31,4.359,4.328,1.5,0.2,6.56,1.5,0.2,6.46,0.10,0.729,0.718,T
F565-V2,10,2,7,8.05,7.66,0.39,1.150,1.094,1.2,0.2,2.23,1.2,0.2,2.21,0.02,0.372,0.369,T
F567-2,9,3,5,27.58,28.22,-0.63,5.517,5.644,0.3,0.2,15.26,0.3,0.2,15.57,-0.31,3.814,3.892,T
F568-1,5,1,12,83.52,82.85,0.67,6.960,6.904,1.5,0.2,12.06,1.5,0.2,11.88,0.19,1.097,1.080,T
F568-3,7,1,18,49.77,50.06,-0.29,2.765,2.781,0.4,0.2,45.82,0.4,0.2,45.82,-0.00,2.695,2.695,T
F568-V1,7,1,15,141.99,141.00,0.99,9.466,9.400,1.5,0.2,12.93,1.5,0.2,12.65,0.28,0.923,0.903,T
F571-8,5,1,13,529.69,527.40,2.29,40.746,40.569,0.5,0.7,529.69,0.5,0.7,527.40,2.29,44.141,43.950,L
F571-V1,7,2,7,5.11,5.48,-0.38,0.730,0.783,0.3,0.2,1.59,0.3,0.2,1.76,-0.17,0.265,0.293,T
F574-1,7,1,14,50.09,49.24,0.85,3.578,3.517,0.7,0.2,27.69,0.7,0.2,27.94,-0.25,2.130,2.149,T
F574-2,9,3,5,109.38,110.45,-1.07,21.877,22.091,0.2,0.2,67.36,0.2,0.2,68.90,-1.54,16.841,17.225,W
F579-V1,5,1,14,49.15,48.81,0.34,3.510,3.486,0.8,0.2,32.22,0.8,0.2,32.31,-0.09,2.478,2.486,T
F583-1,9,1,25,93.56,91.22,2.34,3.742,3.649,0.9,0.2,47.29,0.9,0.2,47.61,-0.32,1.970,1.984,T
F583-4,5,1,12,15.08,15.73,-0.65,1.256,1.311,0.3,0.2,2.57,0.3,0.2,2.31,0.27,0.234,0.210,T
IC2574,9,2,34,7842.69,8105.94,-263.24,230.667,238.410,0.2,0.2,2099.21,0.2,0.2,2389.58,-290.37,63.612,72.411,W
IC4202,4,1,32,1198.65,1197.05,1.61,37.458,37.408,0.7,0.5,926.91,0.7,0.5,927.63,-0.72,29.900,29.924,T
KK98-251,10,2,15,433.90,441.10,-7.20,28.927,29.407,0.2,0.2,332.70,0.2,0.2,340.16,-7.46,23.765,24.297,W
NGC0024,5,1,29,307.26,303.37,3.89,10.595,10.461,1.2,0.2,18.53,1.2,0.2,18.65,-0.12,0.662,0.666,T
NGC0055,9,2,21,1057.07,1073.67,-16.60,50.336,51.127,0.2,0.2,374.82,0.2,0.2,384.25,-9.43,18.741,19.213,W
NGC0100,6,1,21,38.69,39.24,-0.55,1.842,1.869,0.4,0.2,27.14,0.4,0.2,26.78,0.36,1.357,1.339,T
NGC0247,7,2,26,114.42,113.34,1.08,4.401,4.359,0.5,0.7,114.42,0.5,0.7,113.34,1.08,4.577,4.534,L
NGC0289,4,2,28,314.23,325.22,-10.99,11.222,11.615,0.4,0.2,218.97,0.4,0.2,227.33,-8.37,8.110,8.420,W
NGC0300,7,2,25,62.97,60.15,2.82,2.519,2.406,0.6,0.2,35.46,0.6,0.2,34.32,1.14,1.477,1.430,L
NGC0801,5,1,13,1112.38,1129.41,-17.03,85.567,86.877,0.3,0.2,451.89,0.3,0.2,455.24,-3.34,37.658,37.936,W
NGC0891,3,1,18,609.82,616.42,-6.60,33.879,34.246,0.4,0.5,129.81,0.4,0.5,128.84,0.97,7.636,7.579,T
NGC1003,6,1,36,448.30,470.80,-22.50,12.453,13.078,0.3,0.2,179.47,0.3,0.2,164.79,14.68,5.128,4.708,L
NGC1090,4,1,24,1035.74,1061.50,-25.76,43.156,44.229,0.3,0.2,175.14,0.3,0.2,176.44,-1.30,7.615,7.671,W
NGC1705,11,3,14,206.18,203.63,2.54,14.727,14.545,1.5,0.2,5.82,1.5,0.2,5.52,0.30,0.447,0.425,T
NGC2366,10,3,26,648.30,659.28,-10.98,24.935,25.357,0.2,0.2,307.81,0.2,0.2,316.24,-8.44,12.312,12.650,W
NGC2403,6,1,73,5747.89,5521.55,226.35,78.738,75.638,0.6,0.2,1608.86,0.6,0.2,1523.96,84.90,22.345,21.166,L
NGC2683,3,2,11,23.22,23.51,-0.29,2.111,2.138,0.5,0.8,22.97,0.5,0.8,23.32,-0.35,2.297,2.332,T
NGC2841,3,1,50,4365.61,4313.60,52.01,87.312,86.272,1.1,1.0,93.44,1.1,1.0,92.11,1.33,1.907,1.880,L
NGC2903,4,1,34,434.13,428.54,5.59,12.768,12.604,0.5,0.7,434.13,0.5,0.7,428.54,5.59,13.155,12.986,L
NGC2915,11,2,30,234.87,228.20,6.67,7.829,7.607,1.5,0.2,94.12,1.5,0.2,92.52,1.59,3.245,3.190,L
NGC2955,3,1,24,187.61,190.98,-3.37,7.817,7.958,0.3,0.8,86.08,0.3,0.8,87.11,-1.04,3.742,3.788,W
NGC2976,5,2,27,80.91,82.06,-1.15,2.997,3.039,0.4,0.2,34.59,0.4,0.2,34.97,-0.38,1.331,1.345,T
NGC2998,5,1,13,193.08,201.04,-7.96,14.852,15.464,0.4,0.2,88.91,0.4,0.2,89.42,-0.51,7.409,7.452,T
NGC3109,9,1,25,134.96,134.28,0.68,5.398,5.371,0.5,0.7,134.96,0.4,0.2,132.98,1.98,5.623,5.541,L
NGC3198,5,1,43,544.88,576.59,-31.71,12.672,13.409,0.5,0.7,544.88,0.4,0.2,567.76,-22.88,12.973,13.518,W
NGC3521,4,1,41,30.92,31.28,-0.36,0.754,0.763,0.5,0.7,30.92,0.5,0.7,31.28,-0.36,0.773,0.782,T
NGC3726,5,2,12,296.01,299.74,-3.72,24.668,24.978,0.3,0.2,37.52,0.3,0.2,38.16,-0.64,3.411,3.469,T
NGC3741,10,1,21,35.49,28.40,7.08,1.690,1.353,0.3,0.2,32.71,0.3,0.2,23.92,8.79,1.635,1.196,L
NGC3769,3,2,12,53.96,55.85,-1.89,4.496,4.654,0.3,0.2,8.82,0.3,0.2,9.16,-0.34,0.802,0.832,T
NGC3877,5,2,13,169.26,170.47,-1.21,13.020,13.113,0.4,0.2,90.98,0.4,0.2,91.29,-0.31,7.582,7.608,T
NGC3893,5,1,10,9.10,8.95,0.15,0.910,0.895,0.5,0.7,9.10,0.5,0.7,8.95,0.15,1.011,0.995,T
NGC3917,6,1,17,48.70,48.59,0.11,2.865,2.858,0.5,0.7,48.70,0.5,0.7,48.59,0.11,3.044,3.037,T
NGC3949,4,2,7,15.45,15.82,-0.37,2.207,2.260,0.4,0.2,2.59,0.4,0.2,2.53,0.06,0.432,0.422,T
NGC3953,4,1,8,19.85,19.80,0.05,2.482,2.475,0.5,0.7,19.85,0.5,0.7,19.80,0.05,2.836,2.829,T
NGC3972,4,1,10,19.49,18.99,0.50,1.949,1.899,0.6,0.2,13.67,0.6,0.2,13.79,-0.12,1.518,1.532,T
NGC3992,4,1,9,84.57,83.17,1.40,9.396,9.241,0.6,0.2,29.61,0.6,0.2,29.87,-0.25,3.702,3.734,T
NGC4010,7,2,12,47.00,47.83,-0.82,3.917,3.986,0.4,0.2,23.99,0.4,0.2,24.03,-0.04,2.181,2.184,T
NGC4013,3,2,36,262.94,269.44,-6.49,7.304,7.484,0.3,1.0,56.11,0.3,1.0,55.46,0.65,1.603,1.584,T
NGC4051,4,2,7,79.25,79.96,-0.70,11.322,11.422,0.3,0.2,12.93,0.3,0.2,12.90,0.03,2.155,2.150,T
NGC4068,10,2,6,145.36,146.91,-1.56,24.227,24.486,0.2,0.2,50.03,0.2,0.2,51.03,-1.00,10.006,10.205,T
NGC4085,5,2,7,91.21,91.89,-0.68,13.030,13.127,0.3,0.2,27.34,0.3,0.2,27.17,0.17,4.557,4.528,T
NGC4088,4,1,12,426.93,430.61,-3.68,35.577,35.884,0.2,0.2,19.26,0.2,0.2,19.01,0.25,1.751,1.728,T
NGC4100,4,1,24,82.72,81.43,1.29,3.447,3.393,0.6,0.2,49.33,0.6,0.2,50.62,-1.30,2.145,2.201,W
NGC4138,0,2,7,8.50,8.49,0.00,1.214,1.213,0.7,0.2,6.44,0.7,0.2,6.54,-0.10,1.073,1.090,T
NGC4157,3,1,17,151.88,154.49,-2.61,8.934,9.088,0.3,1.0,16.74,0.3,1.0,16.44,0.29,1.046,1.028,T
NGC4183,6,1,23,82.64,84.83,-2.19,3.593,3.688,0.4,0.2,59.38,0.4,0.2,60.47,-1.10,2.699,2.749,W
NGC4214,10,2,14,80.30,79.37,0.94,5.736,5.669,1.0,0.2,16.74,1.0,0.2,16.59,0.15,1.288,1.276,T
NGC4217,3,1,19,1054.94,1058.33,-3.39,55.523,55.702,1.1,0.2,39.37,1.1,0.2,39.32,0.05,2.187,2.184,T
NGC4389,4,3,6,323.08,324.04,-0.95,53.847,54.006,0.2,0.2,55.62,0.2,0.2,55.97,-0.36,11.123,11.195,T
NGC4559,6,1,32,434.80,444.02,-9.22,13.587,13.876,0.3,0.2,64.53,0.3,0.2,67.13,-2.60,2.082,2.166,W
NGC5005,4,1,18,10.45,9.78,0.67,0.580,0.543,0.5,0.5,2.48,0.5,0.5,2.50,-0.02,0.146,0.147,T
NGC5033,5,1,22,312.76,304.99,7.77,14.216,13.863,0.7,0.3,173.16,0.7,0.3,174.57,-1.41,8.246,8.313,W
NGC5055,4,1,28,21212.38,21568.51,-356.14,757.585,770.304,0.3,0.2,2434.43,0.3,0.2,2421.19,13.24,90.164,89.674,L
NGC5371,4,1,19,3209.90,3242.98,-33.08,168.942,170.683,0.3,0.2,980.13,0.3,0.2,988.26,-8.13,54.452,54.903,W
NGC5585,7,1,24,619.98,628.97,-8.99,25.832,26.207,0.3,0.2,172.99,0.3,0.2,171.68,1.31,7.521,7.464,L
NGC5907,5,1,19,617.99,637.59,-19.60,32.526,33.557,0.4,0.2,555.25,0.4,0.2,554.46,0.79,30.847,30.803,T
NGC5985,3,1,33,5333.30,5299.85,33.45,161.615,160.601,1.1,1.0,745.84,1.1,1.0,746.83,-0.99,23.308,23.338,T
NGC6015,6,2,44,1493.76,1483.28,10.48,33.949,33.711,0.7,0.2,664.33,0.7,0.2,673.49,-9.16,15.449,15.663,W
NGC6195,3,1,23,602.60,610.97,-8.38,26.200,26.564,0.2,0.7,46.66,0.2,0.7,48.10,-1.44,2.121,2.186,W
NGC6503,6,1,31,84.97,87.03,-2.06,2.741,2.807,0.5,0.7,84.97,0.5,0.7,87.03,-2.06,2.832,2.901,W
NGC6674,3,1,15,381.04,368.08,12.96,25.403,24.539,0.6,0.8,183.74,0.6,0.7,187.27,-3.53,13.124,13.376,W
NGC6789,11,2,4,24.61,24.46,0.15,6.151,6.115,1.5,0.2,6.26,1.5,0.2,6.22,0.03,2.086,2.074,T
NGC6946,6,1,58,1460.08,1487.42,-27.35,25.174,25.645,0.4,0.6,118.73,0.4,0.6,121.23,-2.50,2.083,2.127,W
NGC7331,3,1,36,1269.74,1289.87,-20.13,35.271,35.830,0.4,0.2,58.52,0.4,0.2,60.01,-1.49,1.672,1.715,W
NGC7793,7,1,46,41.45,41.91,-0.46,0.901,0.911,0.5,0.7,41.45,0.5,0.7,41.91,-0.46,0.921,0.931,T
NGC7814,2,1,18,499.58,490.87,8.71,27.754,27.271,1.5,0.5,22.77,1.5,0.5,22.13,0.64,1.339,1.302,T
PGC51017,11,3,6,780.80,788.56,-7.76,130.134,131.427,0.2,0.2,549.86,0.2,0.2,558.91,-9.06,109.971,111.783,W
UGC00128,8,1,22,2043.16,2133.07,-89.91,92.871,96.958,0.6,0.2,1987.81,0.6,0.2,2127.93,-140.11,94.658,101.330,W
UGC00191,9,1,9,258.94,267.02,-8.08,28.771,29.669,0.3,0.2,195.01,0.3,0.2,197.62,-2.61,24.376,24.703,W
UGC00634,9,2,4,6.62,5.64,0.97,1.654,1.411,0.6,0.2,2.80,0.6,0.2,2.97,-0.17,0.933,0.989,T
UGC00731,10,1,12,199.88,196.27,3.61,16.657,16.356,1.3,0.2,144.90,1.3,0.2,146.41,-1.51,13.172,13.310,W
UGC00891,9,2,5,224.97,237.27,-12.30,44.995,47.454,0.2,0.2,67.38,0.2,0.2,71.54,-4.16,16.845,17.885,W
UGC01230,9,1,11,39.37,40.58,-1.21,3.579,3.689,0.6,0.2,39.31,0.6,0.2,40.56,-1.25,3.931,4.056,W
UGC01281,8,1,25,8.73,9.27,-0.55,0.349,0.371,0.4,0.2,5.33,0.4,0.2,5.61,-0.27,0.222,0.234,T
UGC02023,10,2,5,12.67,12.80,-0.14,2.534,2.561,0.2,0.2,2.82,0.2,0.2,2.87,-0.06,0.705,0.719,T
UGC02259,8,2,8,370.65,364.93,5.72,46.332,45.617,1.1,0.2,44.46,1.1,0.2,45.20,-0.74,6.351,6.457,T
UGC02455,10,3,8,997.95,1001.60,-3.65,124.743,125.200,0.2,0.2,371.70,0.2,0.2,374.37,-2.67,53.100,53.482,W
UGC02487,0,1,17,4510.53,4447.53,62.99,265.325,261.620,1.0,0.9,118.49,1.0,0.8,121.28,-2.79,7.405,7.580,W
UGC02885,5,1,19,53.65,53.86,-0.22,2.823,2.835,0.5,1.0,13.19,0.5,1.0,13.70,-0.52,0.733,0.761,T
UGC02916,2,2,43,3236.20,3249.54,-13.34,75.260,75.571,0.7,0.5,487.62,0.7,0.5,494.31,-6.69,11.610,11.769,W
UGC02953,2,2,115,23509.31,23132.55,376.75,204.429,201.153,0.7,0.7,861.08,0.7,0.7,823.06,38.02,7.553,7.220,L
UGC03205,2,1,48,603.17,590.38,12.79,12.566,12.300,0.5,1.0,271.82,0.5,1.0,266.66,5.16,5.783,5.674,L
UGC03546,1,1,30,350.49,366.21,-15.71,11.683,12.207,0.5,0.5,31.73,0.5,0.5,31.25,0.48,1.094,1.078,T
UGC03580,1,2,47,4069.80,4114.30,-44.50,86.591,87.538,0.3,0.2,258.39,0.3,0.2,245.19,13.20,5.617,5.330,L
UGC04278,7,1,25,81.47,80.05,1.42,3.259,3.202,0.7,0.2,58.35,0.7,0.2,58.32,0.02,2.431,2.430,T
UGC04305,10,3,22,1497.14,1506.83,-9.69,68.052,68.492,0.2,0.2,1000.91,0.2,0.2,1009.04,-8.13,47.663,48.050,W
UGC04325,9,1,8,237.30,234.80,2.51,29.663,29.350,1.2,0.2,46.81,1.2,0.2,47.06,-0.25,6.687,6.723,T
UGC04483,10,2,8,88.49,90.00,-1.52,11.061,11.250,0.2,0.2,54.81,0.2,0.2,56.09,-1.28,7.830,8.013,W
UGC04499,8,1,9,83.20,85.31,-2.11,9.245,9.479,0.2,0.2,24.59,0.2,0.2,25.05,-0.47,3.073,3.132,T
UGC05005,10,1,11,26.04,27.06,-1.02,2.367,2.460,0.2,0.2,6.68,0.2,0.2,7.45,-0.77,0.668,0.745,T
UGC05253,2,2,73,514.31,505.00,9.30,7.045,6.918,0.6,0.7,383.41,0.6,0.7,385.55,-2.13,5.325,5.355,W
UGC05414,10,1,6,65.42,66.75,-1.33,10.903,11.125,0.2,0.2,1.94,0.2,0.2,2.14,-0.20,0.388,0.427,T
UGC05716,9,2,12,440.56,450.09,-9.52,36.713,37.507,0.6,0.2,360.30,0.6,0.2,378.62,-18.31,32.755,34.420,W
UGC05721,7,1,23,286.28,283.34,2.94,12.447,12.319,1.5,0.2,59.32,1.5,0.2,58.73,0.59,2.696,2.670,T
UGC05750,8,1,11,34.14,35.32,-1.18,3.103,3.211,0.2,0.2,11.21,0.2,0.2,12.03,-0.82,1.121,1.203,T
UGC05764,10,2,10,2226.80,2196.98,29.82,222.680,219.698,1.5,0.2,855.27,1.5,0.2,839.25,16.02,95.030,93.250,L
UGC05829,10,2,11,30.85,31.46,-0.61,2.804,2.860,0.3,0.2,26.65,0.3,0.2,26.58,0.07,2.665,2.658,T
UGC05918,10,2,8,9.31,9.72,-0.41,1.164,1.214,0.4,0.2,8.06,0.4,0.2,8.23,-0.18,1.151,1.176,T
UGC05986,9,2,15,458.16,451.08,7.07,30.544,30.072,0.9,0.2,83.08,0.9,0.2,82.36,0.72,5.934,5.883,T
UGC05999,10,2,5,28.34,29.00,-0.66,5.668,5.799,0.2,0.2,14.68,0.2,0.2,14.84,-0.16,3.671,3.710,T
UGC06399,9,1,9,7.20,6.91,0.29,0.800,0.768,0.6,0.2,2.79,0.6,0.2,2.74,0.05,0.349,0.343,T
UGC06446,7,1,17,84.17,82.92,1.25,4.951,4.878,1.1,0.2,14.05,1.1,0.2,14.37,-0.32,0.878,0.898,T
UGC06614,1,1,13,118.09,119.21,-1.12,9.084,9.170,0.5,0.3,8.88,0.5,0.3,8.78,0.10,0.740,0.732,T
UGC06628,9,2,7,113.58,114.33,-0.74,16.226,16.332,0.2,0.2,58.69,0.2,0.2,59.22,-0.53,9.781,9.870,T
UGC06667,6,1,9,246.39,239.96,6.43,27.377,26.662,1.5,0.2,67.15,1.5,0.2,65.71,1.44,8.393,8.213,L
UGC06786,0,1,45,7735.33,7642.80,92.53,171.896,169.840,1.2,0.5,584.39,1.2,0.5,581.54,2.85,13.282,13.217,L
UGC06787,2,2,71,14354.70,14206.03,148.67,202.179,200.085,1.5,0.5,1782.12,1.5,0.5,1786.50,-4.38,25.459,25.521,W
UGC06818,9,2,8,66.28,66.94,-0.66,8.285,8.367,0.2,0.2,19.74,0.2,0.2,19.60,0.14,2.820,2.800,T
UGC06917,9,1,11,16.38,15.82,0.56,1.489,1.438,0.6,0.2,10.96,0.6,0.2,11.16,-0.19,1.096,1.116,T
UGC06923,10,2,6,12.93,13.23,-0.30,2.155,2.205,0.3,0.2,4.16,0.3,0.2,4.09,0.07,0.833,0.818,T
UGC06930,7,1,10,24.70,25.33,-0.63,2.470,2.533,0.4,0.2,17.74,0.4,0.2,18.01,-0.28,1.971,2.002,T
UGC06973,2,3,9,824.46,818.77,5.68,91.606,90.975,0.3,0.2,110.85,0.3,0.2,109.78,1.08,13.857,13.722,L
UGC06983,6,1,17,62.81,61.53,1.29,3.695,3.619,0.8,0.2,19.96,0.7,0.2,20.04,-0.08,1.248,1.252,T
UGC07089,8,2,12,118.42,120.17,-1.76,9.868,10.014,0.2,0.2,7.52,0.2,0.2,7.96,-0.44,0.684,0.724,T
UGC07125,9,1,13,1825.60,1852.34,-26.74,140.431,142.488,0.2,0.2,1122.02,0.2,0.2,1148.88,-26.86,93.502,95.740,W
UGC07151,6,1,11,41.44,42.39,-0.94,3.768,3.853,0.4,0.2,38.02,0.4,0.2,37.84,0.18,3.802,3.784,T
UGC07232,10,2,4,6.48,6.46,0.02,1.620,1.616,0.5,0.7,6.48,0.5,0.7,6.46,0.02,2.160,2.154,T
UGC07261,8,2,7,4.59,4.64,-0.05,0.656,0.663,0.5,0.7,4.59,0.5,0.7,4.64,-0.05,0.766,0.774,T
UGC07323,8,1,10,55.82,57.12,-1.30,5.582,5.712,0.3,0.2,3.25,0.3,0.2,3.36,-0.10,0.361,0.373,T
UGC07399,8,1,10,769.27,764.05,5.22,76.927,76.405,1.5,0.2,141.11,1.5,0.2,138.81,2.30,15.679,15.423,L
UGC07524,9,1,31,160.07,164.04,-3.97,5.164,5.292,0.3,0.2,109.68,0.3,0.2,110.10,-0.42,3.656,3.670,T
UGC07559,10,2,7,72.48,73.41,-0.93,10.354,10.487,0.2,0.2,33.19,0.2,0.2,34.07,-0.88,5.532,5.679,T
UGC07577,10,2,9,151.66,154.01,-2.35,16.851,17.112,0.2,0.2,90.75,0.2,0.2,93.82,-3.07,11.344,11.728,W
UGC07603,7,1,12,69.11,67.59,1.52,5.759,5.632,0.8,0.2,34.36,0.8,0.2,33.97,0.39,3.123,3.088,T
UGC07608,10,1,8,10.78,10.52,0.27,1.348,1.314,1.3,0.2,3.67,1.3,0.2,3.64,0.04,0.525,0.520,T
UGC07690,10,2,7,14.08,14.37,-0.30,2.011,2.053,0.4,0.2,11.27,0.4,0.2,11.39,-0.13,1.878,1.899,T
UGC07866,10,2,7,27.16,27.60,-0.44,3.880,3.944,0.2,0.2,9.52,0.2,0.2,9.86,-0.34,1.587,1.643,T
UGC08286,6,1,17,470.21,461.78,8.43,27.659,27.163,1.1,0.2,39.10,1.1,0.2,39.97,-0.88,2.443,2.498,T
UGC08490,9,1,30,178.97,173.90,5.07,5.966,5.797,1.0,0.2,6.94,1.0,0.2,7.11,-0.17,0.239,0.245,T
UGC08550,7,1,11,29.13,28.28,0.86,2.648,2.571,0.7,0.2,14.74,0.7,0.2,15.23,-0.49,1.474,1.523,T
UGC08699,2,2,41,269.76,264.19,5.57,6.580,6.444,0.7,0.7,36.42,0.7,0.7,36.50,-0.08,0.911,0.913,T
UGC08837,10,2,8,291.11,294.37,-3.27,36.389,36.797,0.2,0.2,100.14,0.2,0.2,103.98,-3.84,14.306,14.854,W
UGC09037,6,2,22,995.03,1003.90,-8.86,45.229,45.632,0.2,0.2,48.57,0.2,0.2,49.71,-1.13,2.313,2.367,W
UGC09133,2,1,68,4448.49,4644.75,-196.26,65.419,68.305,0.3,0.8,1995.06,0.3,0.8,2077.90,-82.84,29.777,31.013,W
UGC09992,10,2,5,36.18,36.58,-0.40,7.235,7.315,0.2,0.2,19.54,0.2,0.2,19.90,-0.36,4.885,4.975,T
UGC10310,9,1,7,17.06,17.38,-0.32,2.437,2.482,0.4,0.2,14.54,0.4,0.2,14.72,-0.18,2.423,2.454,T
UGC11455,6,1,36,241.19,244.55,-3.35,6.700,6.793,0.4,0.2,200.60,0.4,0.2,198.48,2.12,5.731,5.671,L
UGC11557,8,2,12,243.77,245.66,-1.88,20.314,20.471,0.2,0.2,51.27,0.2,0.2,51.98,-0.71,4.661,4.726,T
UGC11820,9,1,10,1283.50,1329.10,-45.59,128.350,132.910,0.2,0.2,923.28,0.2,0.2,962.21,-38.92,102.587,106.912,W
UGC11914,2,1,65,4531.82,4537.99,-6.17,69.720,69.815,0.7,0.9,222.86,0.7,0.9,230.30,-7.43,3.482,3.598,W
UGC12506,6,2,31,247.48,245.08,2.40,7.983,7.906,0.9,0.2,78.35,0.9,0.2,79.28,-0.93,2.612,2.643,T
UGC12632,9,1,15,103.60,106.40,-2.80,6.907,7.093,0.4,0.2,93.88,0.4,0.2,95.92,-2.03,6.706,6.851,W
UGC12732,9,1,16,60.53,61.89,-1.36,3.783,3.868,0.6,0.2,57.61,0.6,0.2,59.69,-2.07,3.841,3.979,W
UGCA281,11,3,7,22.83,23.46,-0.63,3.262,3.352,0.3,0.2,2.04,0.3,0.2,2.16,-0.13,0.339,0.360,T
UGCA442,9,1,8,39.89,35.49,4.40,4.986,4.437,0.5,0.7,39.89,0.5,0.7,35.49,4.40,5.698,5.071,L
UGCA444,10,2,36,70.90,72.33,-1.43,1.970,2.009,0.2,0.2,66.26,0.2,0.2,66.88,-0.62,1.893,1.911,T
